 Name,Path
Attractions,Attractions
Amusement and Theme Parks,Attractions > Amusement and Theme Parks
Bars & Restaurants,Attractions > Bars & Restaurants
Casinos & Gambling,Attractions > Casinos & Gambling
Historic Site and Landmark Tours,Attractions > Historic Site and Landmark Tours
Malls & Shopping Centers,Attractions > Malls & Shopping Centers
Museums & Galleries,Attractions > Museums & Galleries
Nightclubs,Attractions > Nightclubs
Outdoor Activities,Attractions > Outdoor Activities
Parks & Nature,Attractions > Parks & Nature
Theater Venues,Attractions > Theater Venues
Zoos & Aquariums,Attractions > Zoos & Aquariums
Automotive,Automotive
Auto Body Styles,Automotive > Auto Body Styles
Commercial Trucks,Automotive > Auto Body Styles > Commercial Trucks
Convertible,Automotive > Auto Body Styles > Convertible
Coupe,Automotive > Auto Body Styles > Coupe
Crossover,Automotive > Auto Body Styles > Crossover
Hatchback,Automotive > Auto Body Styles > Hatchback
Microcar,Automotive > Auto Body Styles > Microcar
Minivan,Automotive > Auto Body Styles > Minivan
Off-Road Vehicles,Automotive > Auto Body Styles > Off-Road Vehicles
Pickup Trucks,Automotive > Auto Body Styles > Pickup Trucks
Sedan,Automotive > Auto Body Styles > Sedan
Station Wagon,Automotive > Auto Body Styles > Station Wagon
SUV,Automotive > Auto Body Styles > SUV
Van,Automotive > Auto Body Styles > Van
Auto Buying and Selling,Automotive > Auto Buying and Selling
Auto Insurance,Automotive > Auto Insurance
Auto Parts,Automotive > Auto Parts
Auto Recalls,Automotive > Auto Recalls
Auto Rentals,Automotive > Auto Rentals
Auto Repair,Automotive > Auto Repair
Auto Safety,Automotive > Auto Safety
Auto Shows,Automotive > Auto Shows
Auto Technology,Automotive > Auto Technology
Auto Infotainment Technologies,Automotive > Auto Technology > Auto Infotainment Technologies
Auto Navigation Systems,Automotive > Auto Technology > Auto Navigation Systems
Auto Safety Technologies,Automotive > Auto Technology > Auto Safety Technologies
Auto Type,Automotive > Auto Type
Budget Cars,Automotive > Auto Type > Budget Cars
Certified Pre-Owned Cars,Automotive > Auto Type > Certified Pre-Owned Cars
Classic Cars,Automotive > Auto Type > Classic Cars
Concept Cars,Automotive > Auto Type > Concept Cars
Driverless Cars,Automotive > Auto Type > Driverless Cars
Green Vehicles,Automotive > Auto Type > Green Vehicles
Luxury Cars,Automotive > Auto Type > Luxury Cars
Performance Cars,Automotive > Auto Type > Performance Cars
Car Culture,Automotive > Car Culture
Dash Cam Videos,Automotive > Dash Cam Videos
Motorcycles,Automotive > Motorcycles
Road-Side Assistance,Automotive > Road-Side Assistance
Scooters,Automotive > Scooters
Books and Literature,Books and Literature
Art and Photography,Books and Literature > Art and Photography
Comics and Graphic Novels,Books and Literature > Comics and Graphic Novels
Fiction,Books and Literature > Fiction
Poetry,Books and Literature > Poetry
Business and Finance,Business and Finance
Business,Business and Finance > Business
Business Accounting & Finance,Business and Finance > Business > Business Accounting & Finance
Business Administration,Business and Finance > Business > Business Administration
Business Banking & Finance,Business and Finance > Business > Business Banking & Finance
Angel Investment,Business and Finance > Business > Business Banking & Finance > Angel Investment
Bankruptcy,Business and Finance > Business > Business Banking & Finance > Bankruptcy
Business Loans,Business and Finance > Business > Business Banking & Finance > Business Loans
Debt Factoring & Invoice Discounting,Business and Finance > Business > Business Banking & Finance > Debt Factoring & Invoice Discounting
Mergers and Acquisitions,Business and Finance > Business > Business Banking & Finance > Mergers and Acquisitions
Private Equity,Business and Finance > Business > Business Banking & Finance > Private Equity
Sale & Lease Back,Business and Finance > Business > Business Banking & Finance > Sale & Lease Back
Venture Capital,Business and Finance > Business > Business Banking & Finance > Venture Capital
Business I.T.,Business and Finance > Business > Business I.T.
Business Operations,Business and Finance > Business > Business Operations
Business Utilities,Business and Finance > Business > Business Utilities
Consumer Issues,Business and Finance > Business > Consumer Issues
Recalls,Business and Finance > Business > Consumer Issues > Recalls
Executive Leadership & Management,Business and Finance > Business > Executive Leadership & Management
Government Business,Business and Finance > Business > Government Business
Green Solutions,Business and Finance > Business > Green Solutions
Human Resources,Business and Finance > Business > Human Resources
Large Business,Business and Finance > Business > Large Business
Logistics,Business and Finance > Business > Logistics
Marketing and Advertising,Business and Finance > Business > Marketing and Advertising
Sales,Business and Finance > Business > Sales
Small and Medium-sized Business,Business and Finance > Business > Small and Medium-sized Business
Startups,Business and Finance > Business > Startups
Economy,Business and Finance > Economy
Commodities,Business and Finance > Economy > Commodities
Currencies,Business and Finance > Economy > Currencies
Financial Crisis,Business and Finance > Economy > Financial Crisis
Financial Reform,Business and Finance > Economy > Financial Reform
Financial Regulation,Business and Finance > Economy > Financial Regulation
Gasoline Prices,Business and Finance > Economy > Gasoline Prices
Housing Market,Business and Finance > Economy > Housing Market
Interest Rates,Business and Finance > Economy > Interest Rates
Job Market,Business and Finance > Economy > Job Market
Industries,Business and Finance > Industries
Advertising Industry,Business and Finance > Industries > Advertising Industry
Agriculture,Business and Finance > Industries > Agriculture
Apparel Industry,Business and Finance > Industries > Apparel Industry
Automotive Industry,Business and Finance > Industries > Automotive Industry
Aviation Industry,Business and Finance > Industries > Aviation Industry
Biotech and Biomedical Industry,Business and Finance > Industries > Biotech and Biomedical Industry
Civil Engineering Industry,Business and Finance > Industries > Civil Engineering Industry
Construction Industry,Business and Finance > Industries > Construction Industry
Defense Industry,Business and Finance > Industries > Defense Industry
Education industry,Business and Finance > Industries > Education industry
Entertainment Industry,Business and Finance > Industries > Entertainment Industry
Environmental Services Industry,Business and Finance > Industries > Environmental Services Industry
Financial Industry,Business and Finance > Industries > Financial Industry
Food Industry,Business and Finance > Industries > Food Industry
Healthcare Industry,Business and Finance > Industries > Healthcare Industry
Hospitality Industry,Business and Finance > Industries > Hospitality Industry
Information Services Industry,Business and Finance > Industries > Information Services Industry
Legal Services Industry,Business and Finance > Industries > Legal Services Industry
Logistics and Transportation Industry,Business and Finance > Industries > Logistics and Transportation Industry
Management Consulting Industry,Business and Finance > Industries > Management Consulting Industry
Manufacturing Industry,Business and Finance > Industries > Manufacturing Industry
Mechanical and Industrial Engineering Industry,Business and Finance > Industries > Mechanical and Industrial Engineering Industry
Media Industry,Business and Finance > Industries > Media Industry
Metals Industry,Business and Finance > Industries > Metals Industry
Non-Profit Organizations,Business and Finance > Industries > Non-Profit Organizations
Pharmaceutical Industry,Business and Finance > Industries > Pharmaceutical Industry
Power and Energy Industry,Business and Finance > Industries > Power and Energy Industry
Publishing Industry,Business and Finance > Industries > Publishing Industry
Real Estate Industry,Business and Finance > Industries > Real Estate Industry
Retail Industry,Business and Finance > Industries > Retail Industry
Technology Industry,Business and Finance > Industries > Technology Industry
Telecommunications Industry,Business and Finance > Industries > Telecommunications Industry
Careers,Careers
Apprenticeships,Careers > Apprenticeships
Career Advice,Careers > Career Advice
Career Planning,Careers > Career Planning
Job Search,Careers > Job Search
Job Fairs,Careers > Job Search > Job Fairs
Resume Writing and Advice,Careers > Job Search > Resume Writing and Advice
Remote Working,Careers > Remote Working
Vocational Training,Careers > Vocational Training
Communication,Communication
Crime,Crime
Disasters,Disasters
Education,Education
Adult Education,Education > Adult Education
College Education,Education > College Education
College Planning,Education > College Education > College Planning
Postgraduate Education,Education > College Education > Postgraduate Education
Professional School,Education > College Education > Postgraduate Education > Professional School
Undergraduate Education,Education > College Education > Undergraduate Education
Early Childhood Education,Education > Early Childhood Education
Educational Assessment,Education > Educational Assessment
Standardized Testing,Education > Educational Assessment > Standardized Testing
Homeschooling,Education > Homeschooling
Homework and Study,Education > Homework and Study
Language Learning,Education > Language Learning
Online Education,Education > Online Education
Primary Education,Education > Primary Education
Private School,Education > Private School
Secondary Education,Education > Secondary Education
Special Education,Education > Special Education
Entertainment,Entertainment
Movies,Entertainment > Movies
Music,Entertainment > Music
Television,Entertainment > Television
Events,Events
Awards Shows,Events > Awards Shows
Business Expos & Conferences,Events > Business Expos & Conferences
Fan Conventions,Events > Fan Conventions
Family and Relationships,Family and Relationships
Bereavement,Family and Relationships > Bereavement
Dating,Family and Relationships > Dating
Divorce,Family and Relationships > Divorce
Eldercare,Family and Relationships > Eldercare
Marriage and Civil Unions,Family and Relationships > Marriage and Civil Unions
Parenting,Family and Relationships > Parenting
Adoption and Fostering,Family and Relationships > Parenting > Adoption and Fostering
Daycare and Pre-School,Family and Relationships > Parenting > Daycare and Pre-School
Internet Safety,Family and Relationships > Parenting > Internet Safety
Parenting Babies and Toddlers,Family and Relationships > Parenting > Parenting Babies and Toddlers
Parenting Children Aged 4-11,Family and Relationships > Parenting > Parenting Children Aged 4-11
Parenting Teens,Family and Relationships > Parenting > Parenting Teens
Special Needs Kids,Family and Relationships > Parenting > Special Needs Kids
Single Life,Family and Relationships > Single Life
Fine Art,Fine Art
Costume,Fine Art > Costume
Dance,Fine Art > Dance
Design,Fine Art > Design
Digital Arts,Fine Art > Digital Arts
Fine Art Photography,Fine Art > Fine Art Photography
Modern Art,Fine Art > Modern Art
Opera,Fine Art > Opera
Theater,Fine Art > Theater
Food & Drink,Food & Drink
Alcoholic Beverages,Food & Drink > Alcoholic Beverages
Barbecues and Grilling,Food & Drink > Barbecues and Grilling
Cooking,Food & Drink > Cooking
Desserts and Baking,Food & Drink > Desserts and Baking
Dining Out,Food & Drink > Dining Out
Food Allergies,Food & Drink > Food Allergies
Food Movements,Food & Drink > Food Movements
Healthy Cooking and Eating,Food & Drink > Healthy Cooking and Eating
Non-Alcoholic Beverages,Food & Drink > Non-Alcoholic Beverages
Vegan Diets,Food & Drink > Vegan Diets
Vegetarian Diets,Food & Drink > Vegetarian Diets
World Cuisines,Food & Drink > World Cuisines
Genres,Genres
Nature,Genres > Nature
Action/Adventure,Genres > Action/Adventure
Animation & Anime,Genres > Animation & Anime
Biographies,Genres > Biographies
Comedy,Genres > Comedy
Documentary,Genres > Documentary
Drama,Genres > Drama
Factual,Genres > Factual
Family/Children,Genres > Family/Children
Fantasy,Genres > Fantasy
History,Genres > History
Holiday,Genres > Holiday
Horror,Genres > Horror
Lifestyle,Genres > Lifestyle
Music Video,Genres > Music Video
Musical,Genres > Musical
Mystery,Genres > Mystery
Reality TV,Genres > Reality TV
Romance,Genres > Romance
Science Fiction,Genres > Science Fiction
Soap Opera,Genres > Soap Opera
Special Interest (Indie/Art House),Genres > Special Interest (Indie/Art House)
Sports Radio,Genres > Sports Radio
Talk Radio,Genres > Talk Radio
Public Radio,Genres > Talk Radio > Public Radio
Talk Show,Genres > Talk Show
True Crime,Genres > True Crime
Western,Genres > Western
Young Adult,Genres > Young Adult
Thriller,Genres > Thriller
Healthy Living,Healthy Living
Children's Health,Healthy Living > Children's Health
Fitness and Exercise,Healthy Living > Fitness and Exercise
Participant Sports,Healthy Living > Fitness and Exercise > Participant Sports
Running and Jogging,Healthy Living > Fitness and Exercise > Running and Jogging
Men's Health,Healthy Living > Men's Health
Nutrition,Healthy Living > Nutrition
Senior Health,Healthy Living > Senior Health
Weight Loss,Healthy Living > Weight Loss
Wellness,Healthy Living > Wellness
Alternative Medicine,Healthy Living > Wellness > Alternative Medicine
Herbs and Supplements,Healthy Living > Wellness > Alternative Medicine > Herbs and Supplements
Holistic Health,Healthy Living > Wellness > Alternative Medicine > Holistic Health
Physical Therapy,Healthy Living > Wellness > Physical Therapy
Smoking Cessation,Healthy Living > Wellness > Smoking Cessation
Women's Health,Healthy Living > Women's Health
Hobbies & Interests,Hobbies & Interests
Antiquing and Antiques,Hobbies & Interests > Antiquing and Antiques
Arts and Crafts,Hobbies & Interests > Arts and Crafts
Beadwork,Hobbies & Interests > Arts and Crafts > Beadwork
Candle and Soap Making,Hobbies & Interests > Arts and Crafts > Candle and Soap Making
Drawing and Sketching,Hobbies & Interests > Arts and Crafts > Drawing and Sketching
Jewelry Making,Hobbies & Interests > Arts and Crafts > Jewelry Making
Needlework,Hobbies & Interests > Arts and Crafts > Needlework
Painting,Hobbies & Interests > Arts and Crafts > Painting
Photography,Hobbies & Interests > Arts and Crafts > Photography
Scrapbooking,Hobbies & Interests > Arts and Crafts > Scrapbooking
Woodworking,Hobbies & Interests > Arts and Crafts > Woodworking
Beekeeping,Hobbies & Interests > Beekeeping
Birdwatching,Hobbies & Interests > Birdwatching
Cigars,Hobbies & Interests > Cigars
Collecting,Hobbies & Interests > Collecting
Comic Books,Hobbies & Interests > Collecting > Comic Books
Stamps and Coins,Hobbies & Interests > Collecting > Stamps and Coins
Content Production,Hobbies & Interests > Content Production
Audio Production,Hobbies & Interests > Content Production > Audio Production
Freelance Writing,Hobbies & Interests > Content Production > Freelance Writing
Screenwriting,Hobbies & Interests > Content Production > Screenwriting
Video Production,Hobbies & Interests > Content Production > Video Production
Games and Puzzles,Hobbies & Interests > Games and Puzzles
Board Games and Puzzles,Hobbies & Interests > Games and Puzzles > Board Games and Puzzles
Card Games,Hobbies & Interests > Games and Puzzles > Card Games
Roleplaying Games,Hobbies & Interests > Games and Puzzles > Roleplaying Games
Genealogy and Ancestry,Hobbies & Interests > Genealogy and Ancestry
Magic and Illusion,Hobbies & Interests > Magic and Illusion
Model Toys,Hobbies & Interests > Model Toys
Musical Instruments,Hobbies & Interests > Musical Instruments
Paranormal Phenomena,Hobbies & Interests > Paranormal Phenomena
Radio Control,Hobbies & Interests > Radio Control
Sci-fi and Fantasy,Hobbies & Interests > Sci-fi and Fantasy
Workshops and Classes,Hobbies & Interests > Workshops and Classes
Holidays,Holidays
National & Civic Holidays,Holidays > National & Civic Holidays
Home & Garden,Home & Garden
Gardening,Home & Garden > Gardening
Home Appliances,Home & Garden > Home Appliances
Home Entertaining,Home & Garden > Home Entertaining
Home Improvement,Home & Garden > Home Improvement
Home Security,Home & Garden > Home Security
Indoor Environmental Quality,Home & Garden > Indoor Environmental Quality
Interior Decorating,Home & Garden > Interior Decorating
Landscaping,Home & Garden > Landscaping
Outdoor Decorating,Home & Garden > Outdoor Decorating
Remodeling & Construction,Home & Garden > Remodeling & Construction
Smart Home,Home & Garden > Smart Home
Law,Law
Medical Health,Medical Health
Cosmetic Medical Services,Medical Health > Cosmetic Medical Services
Diseases and Conditions,Medical Health > Diseases and Conditions
Allergies,Medical Health > Diseases and Conditions > Allergies
Blood Disorders,Medical Health > Diseases and Conditions > Blood Disorders
Bone and Joint Conditions,Medical Health > Diseases and Conditions > Bone and Joint Conditions
Brain and Nervous System Disorders,Medical Health > Diseases and Conditions > Brain and Nervous System Disorders
Cancer,Medical Health > Diseases and Conditions > Cancer
Cold and Flu,Medical Health > Diseases and Conditions > Cold and Flu
Dental Health,Medical Health > Diseases and Conditions > Dental Health
Diabetes,Medical Health > Diseases and Conditions > Diabetes
Digestive Disorders,Medical Health > Diseases and Conditions > Digestive Disorders
"Ear, Nose and Throat Conditions","Medical Health > Diseases and Conditions > Ear, Nose and Throat Conditions"
Endocrine and Metabolic Diseases,Medical Health > Diseases and Conditions > Endocrine and Metabolic Diseases
Hormonal Disorders,Medical Health > Diseases and Conditions > Endocrine and Metabolic Diseases > Hormonal Disorders
Menopause,Medical Health > Diseases and Conditions > Endocrine and Metabolic Diseases > Menopause
Thyroid Disorders,Medical Health > Diseases and Conditions > Endocrine and Metabolic Diseases > Thyroid Disorders
Eye and Vision Conditions,Medical Health > Diseases and Conditions > Eye and Vision Conditions
Foot Health,Medical Health > Diseases and Conditions > Foot Health
Heart and Cardiovascular Diseases,Medical Health > Diseases and Conditions > Heart and Cardiovascular Diseases
Infectious Diseases,Medical Health > Diseases and Conditions > Infectious Diseases
Injuries,Medical Health > Diseases and Conditions > Injuries
First Aid,Medical Health > Diseases and Conditions > Injuries > First Aid
Lung and Respiratory Health,Medical Health > Diseases and Conditions > Lung and Respiratory Health
Mental Health,Medical Health > Diseases and Conditions > Mental Health
Reproductive Health,Medical Health > Diseases and Conditions > Reproductive Health
Birth Control,Medical Health > Diseases and Conditions > Reproductive Health > Birth Control
Infertility,Medical Health > Diseases and Conditions > Reproductive Health > Infertility
Pregnancy,Medical Health > Diseases and Conditions > Reproductive Health > Pregnancy
Sexual Health,Medical Health > Diseases and Conditions > Sexual Health
Sexual Conditions,Medical Health > Diseases and Conditions > Sexual Health > Sexual Conditions
Skin and Dermatology,Medical Health > Diseases and Conditions > Skin and Dermatology
Sleep Disorders,Medical Health > Diseases and Conditions > Sleep Disorders
Substance Abuse,Medical Health > Diseases and Conditions > Substance Abuse
Medical Tests,Medical Health > Medical Tests
Pharmaceutical Drugs,Medical Health > Pharmaceutical Drugs
Surgery,Medical Health > Surgery
Vaccines,Medical Health > Vaccines
Adult Album Alternative,Entertainment > Adult Album Alternative
Adult Contemporary Music,Entertainment > Adult Contemporary Music
Soft AC Music,Entertainment > Adult Contemporary Music > Soft AC Music
Urban AC Music,Entertainment > Adult Contemporary Music > Urban AC Music
Alternative Music,Entertainment > Alternative Music
Blues,Entertainment > Blues
Children's Music,Entertainment > Children's Music
Classic Hits,Entertainment > Classic Hits
Classical Music,Entertainment > Classical Music
College Radio,Entertainment > College Radio
Comedy (Music and Audio),Entertainment > Comedy (Music and Audio)
Contemporary Hits/Pop/Top 40,Entertainment > Contemporary Hits/Pop/Top 40
Country Music,Entertainment > Country Music
Dance and Electronic Music,Entertainment > Dance and Electronic Music
Gospel Music,Entertainment > Gospel Music
Hip Hop Music,Entertainment > Hip Hop Music
Inspirational/New Age Music,Entertainment > Inspirational/New Age Music
Jazz,Entertainment > Jazz
Oldies/Adult Standards,Entertainment > Oldies/Adult Standards
R&B/Soul/Funk,Entertainment > R&B/Soul/Funk
Reggae,Entertainment > Reggae
Religious (Music and Audio),Entertainment > Religious (Music and Audio)
Rock Music,Entertainment > Rock Music
Album-oriented Rock,Entertainment > Rock Music > Album-oriented Rock
Alternative Rock,Entertainment > Rock Music > Alternative Rock
Classic Rock,Entertainment > Rock Music > Classic Rock
Hard Rock,Entertainment > Rock Music > Hard Rock
Soft Rock,Entertainment > Rock Music > Soft Rock
Songwriters/Folk,Entertainment > Songwriters/Folk
"Soundtracks, TV and Showtunes","Entertainment > Soundtracks, TV and Showtunes"
World/International Music,Entertainment > World/International Music
Urban Contemporary Music,Entertainment > Urban Contemporary Music
Variety (Music and Audio),Entertainment > Variety (Music and Audio)
Personal Celebrations & Life Events,Personal Celebrations & Life Events
Anniversary,Personal Celebrations & Life Events > Anniversary
Baby Shower,Personal Celebrations & Life Events > Baby Shower
Bachelor Party,Personal Celebrations & Life Events > Bachelor Party
Bachelorette Party,Personal Celebrations & Life Events > Bachelorette Party
Birth,Personal Celebrations & Life Events > Birth
Birthday,Personal Celebrations & Life Events > Birthday
Funeral,Personal Celebrations & Life Events > Funeral
Graduation,Personal Celebrations & Life Events > Graduation
Prom,Personal Celebrations & Life Events > Prom
Wedding,Personal Celebrations & Life Events > Wedding
Personal Finance,Personal Finance
Consumer Banking,Personal Finance > Consumer Banking
Financial Assistance,Personal Finance > Financial Assistance
Government Support and Welfare,Personal Finance > Financial Assistance > Government Support and Welfare
Student Financial Aid,Personal Finance > Financial Assistance > Student Financial Aid
Financial Planning,Personal Finance > Financial Planning
Frugal Living,Personal Finance > Frugal Living
Home Utilities,Personal Finance > Home Utilities
Gas and Electric,Personal Finance > Home Utilities > Gas and Electric
Internet Service Providers,Personal Finance > Home Utilities > Internet Service Providers
Phone Services,Personal Finance > Home Utilities > Phone Services
Water Services,Personal Finance > Home Utilities > Water Services
Insurance,Personal Finance > Insurance
Health Insurance,Personal Finance > Insurance > Health Insurance
Home Insurance,Personal Finance > Insurance > Home Insurance
Life Insurance,Personal Finance > Insurance > Life Insurance
Motor Insurance,Personal Finance > Insurance > Motor Insurance
Pet Insurance,Personal Finance > Insurance > Pet Insurance
Travel Insurance,Personal Finance > Insurance > Travel Insurance
Personal Debt,Personal Finance > Personal Debt
Credit Cards,Personal Finance > Personal Debt > Credit Cards
Home Financing,Personal Finance > Personal Debt > Home Financing
Personal Loans,Personal Finance > Personal Debt > Personal Loans
Student Loans,Personal Finance > Personal Debt > Student Loans
Personal Investing,Personal Finance > Personal Investing
Hedge Funds,Personal Finance > Personal Investing > Hedge Funds
Mutual Funds,Personal Finance > Personal Investing > Mutual Funds
Options,Personal Finance > Personal Investing > Options
Stocks and Bonds,Personal Finance > Personal Investing > Stocks and Bonds
Personal Taxes,Personal Finance > Personal Taxes
Retirement Planning,Personal Finance > Retirement Planning
Pets,Pets
Birds,Pets > Birds
Cats,Pets > Cats
Dogs,Pets > Dogs
Fish and Aquariums,Pets > Fish and Aquariums
Large Animals,Pets > Large Animals
Pet Adoptions,Pets > Pet Adoptions
Pet Supplies,Pets > Pet Supplies
Reptiles,Pets > Reptiles
Veterinary Medicine,Pets > Veterinary Medicine
Politics,Politics
Civic affairs,Politics > Civic affairs
Elections,Politics > Elections
Political Issues & Policy,Politics > Political Issues & Policy
Pop Culture,Pop Culture
Celebrity Deaths,Pop Culture > Celebrity Deaths
Celebrity Families,Pop Culture > Celebrity Families
Celebrity Homes,Pop Culture > Celebrity Homes
Celebrity Pregnancy,Pop Culture > Celebrity Pregnancy
Celebrity Relationships,Pop Culture > Celebrity Relationships
Celebrity Scandal,Pop Culture > Celebrity Scandal
Celebrity Style,Pop Culture > Celebrity Style
Humor and Satire,Pop Culture > Humor and Satire
Productivity,Technology & Computing > Computing > Computer Software and Applications > Productivity
Real Estate,Real Estate
Apartments,Real Estate > Apartments
Developmental Sites,Real Estate > Developmental Sites
Hotel Properties,Real Estate > Hotel Properties
Houses,Real Estate > Houses
Industrial Property,Real Estate > Industrial Property
Land and Farms,Real Estate > Land and Farms
Office Property,Real Estate > Office Property
Real Estate Buying and Selling,Real Estate > Real Estate Buying and Selling
Real Estate Renting and Leasing,Real Estate > Real Estate Renting and Leasing
Retail Property,Real Estate > Retail Property
Vacation Properties,Real Estate > Vacation Properties
Religion & Spirituality,Religion & Spirituality
Agnosticism,Religion & Spirituality > Agnosticism
Astrology,Religion & Spirituality > Astrology
Atheism,Religion & Spirituality > Atheism
Buddhism,Religion & Spirituality > Buddhism
Christianity,Religion & Spirituality > Christianity
Hinduism,Religion & Spirituality > Hinduism
Islam,Religion & Spirituality > Islam
Judaism,Religion & Spirituality > Judaism
Sikhism,Religion & Spirituality > Sikhism
Spirituality,Religion & Spirituality > Spirituality
Science,Science
Biological Sciences,Science > Biological Sciences
Chemistry,Science > Chemistry
Environment,Science > Environment
Genetics,Science > Genetics
Geography,Science > Geography
Geology,Science > Geology
Physics,Science > Physics
Space and Astronomy,Science > Space and Astronomy
Weather,Science > Weather
Sensitive Topics,Sensitive Topics
Adult & Explicit Sexual Content,Sensitive Topics > Adult & Explicit Sexual Content
Arms & Ammunition,Sensitive Topics > Arms & Ammunition
"Crime & Harmful Acts to Individuals, Society & Human Right Violations","Sensitive Topics > Crime & Harmful Acts to Individuals, Society & Human Right Violations"
"Death, Injury, or Military Conflict","Sensitive Topics > Death, Injury, or Military Conflict"
Debated Sensitive Social Issues,Sensitive Topics > Debated Sensitive Social Issues
Hate Speech and Acts of Aggression,Sensitive Topics > Hate Speech and Acts of Aggression
"Illegal Drugs, Tobacco, eCigarettes, Vaping, Alcohol","Sensitive Topics > Illegal Drugs, Tobacco, eCigarettes, Vaping, Alcohol"
Obscenity and Profanity,Sensitive Topics > Obscenity and Profanity
Online Piracy,Sensitive Topics > Online Piracy
Spam or Harmful Content,Sensitive Topics > Spam or Harmful Content
Terrorism,Sensitive Topics > Terrorism
Shopping,Shopping
Children's Games and Toys,Shopping > Children's Games and Toys
Coupons and Discounts,Shopping > Coupons and Discounts
Flower Shopping,Shopping > Flower Shopping
Gifts and Greetings Cards,Shopping > Gifts and Greetings Cards
Grocery Shopping,Shopping > Grocery Shopping
Holiday Shopping,Shopping > Holiday Shopping
Household Supplies,Shopping > Household Supplies
Lotteries and Scratchcards,Shopping > Lotteries and Scratchcards
Party Supplies and Decorations,Shopping > Party Supplies and Decorations
Sales and Promotions,Shopping > Sales and Promotions
Sports,Sports
American Football,Sports > American Football
Australian Rules Football,Sports > Australian Rules Football
Auto Racing,Sports > Auto Racing
Motorcycle Sports,Sports > Auto Racing > Motorcycle Sports
Badminton,Sports > Badminton
Baseball,Sports > Baseball
Basketball,Sports > Basketball
Beach Volleyball,Sports > Beach Volleyball
Bodybuilding,Sports > Bodybuilding
Bowling,Sports > Bowling
Boxing,Sports > Boxing
Cheerleading,Sports > Cheerleading
College Sports,Sports > College Sports
College Baseball,Sports > College Sports > College Baseball
College Basketball,Sports > College Sports > College Basketball
College Football,Sports > College Sports > College Football
Cricket,Sports > Cricket
Cycling,Sports > Cycling
Darts,Sports > Darts
Disabled Sports,Sports > Disabled Sports
Diving,Sports > Diving
Equine Sports,Sports > Equine Sports
Horse Racing,Sports > Equine Sports > Horse Racing
Extreme Sports,Sports > Extreme Sports
Canoeing and Kayaking,Sports > Extreme Sports > Canoeing and Kayaking
Climbing,Sports > Extreme Sports > Climbing
Paintball,Sports > Extreme Sports > Paintball
Scuba Diving,Sports > Extreme Sports > Scuba Diving
Skateboarding,Sports > Extreme Sports > Skateboarding
Snowboarding,Sports > Extreme Sports > Snowboarding
Surfing and Bodyboarding,Sports > Extreme Sports > Surfing and Bodyboarding
Waterskiing and Wakeboarding,Sports > Extreme Sports > Waterskiing and Wakeboarding
Fantasy Sports,Sports > Fantasy Sports
Field Hockey,Sports > Field Hockey
Figure Skating,Sports > Figure Skating
Fishing Sports,Sports > Fishing Sports
Golf,Sports > Golf
Gymnastics,Sports > Gymnastics
Hunting and Shooting,Sports > Hunting and Shooting
Ice Hockey,Sports > Ice Hockey
Inline Skating,Sports > Inline Skating
Lacrosse,Sports > Lacrosse
Martial Arts,Sports > Martial Arts
Olympic Sports,Sports > Olympic Sports
Summer Olympic Sports,Sports > Olympic Sports > Summer Olympic Sports
Winter Olympic Sports,Sports > Olympic Sports > Winter Olympic Sports
Poker and Professional Gambling,Sports > Poker and Professional Gambling
Rodeo,Sports > Rodeo
Rowing,Sports > Rowing
Rugby,Sports > Rugby
Rugby League,Sports > Rugby > Rugby League
Rugby Union,Sports > Rugby > Rugby Union
Sailing,Sports > Sailing
Skiing,Sports > Skiing
Snooker/Pool/Billiards,Sports > Snooker/Pool/Billiards
Soccer,Sports > Soccer
Softball,Sports > Softball
Sports Equipment,Sports > Sports Equipment
Squash,Sports > Squash
Swimming,Sports > Swimming
Table Tennis,Sports > Table Tennis
Tennis,Sports > Tennis
Track and Field,Sports > Track and Field
Volleyball,Sports > Volleyball
Walking,Sports > Walking
Water Polo,Sports > Water Polo
Weightlifting,Sports > Weightlifting
Wrestling,Sports > Wrestling
Style & Fashion,Style & Fashion
Beauty,Style & Fashion > Beauty
Hair Care,Style & Fashion > Beauty > Hair Care
Makeup and Accessories,Style & Fashion > Beauty > Makeup and Accessories
Nail Care,Style & Fashion > Beauty > Nail Care
Natural and Organic Beauty,Style & Fashion > Beauty > Natural and Organic Beauty
Perfume and Fragrance,Style & Fashion > Beauty > Perfume and Fragrance
Skin Care,Style & Fashion > Beauty > Skin Care
Body Art,Style & Fashion > Body Art
Children's Clothing,Style & Fashion > Children's Clothing
Designer Clothing,Style & Fashion > Designer Clothing
Fashion Trends,Style & Fashion > Fashion Trends
High Fashion,Style & Fashion > High Fashion
Men's Fashion,Style & Fashion > Men's Fashion
Men's Accessories,Style & Fashion > Men's Fashion > Men's Accessories
Men's Jewelry and Watches,Style & Fashion > Men's Fashion > Men's Accessories > Men's Jewelry and Watches
Men's Clothing,Style & Fashion > Men's Fashion > Men's Clothing
Men's Business Wear,Style & Fashion > Men's Fashion > Men's Clothing > Men's Business Wear
Men's Casual Wear,Style & Fashion > Men's Fashion > Men's Clothing > Men's Casual Wear
Men's Formal Wear,Style & Fashion > Men's Fashion > Men's Clothing > Men's Formal Wear
Men's Outerwear,Style & Fashion > Men's Fashion > Men's Clothing > Men's Outerwear
Men's Sportswear,Style & Fashion > Men's Fashion > Men's Clothing > Men's Sportswear
Men's Underwear and Sleepwear,Style & Fashion > Men's Fashion > Men's Clothing > Men's Underwear and Sleepwear
Men's Shoes and Footwear,Style & Fashion > Men's Fashion > Men's Shoes and Footwear
Personal Care,Style & Fashion > Personal Care
Bath and Shower,Style & Fashion > Personal Care > Bath and Shower
Deodorant and Antiperspirant,Style & Fashion > Personal Care > Deodorant and Antiperspirant
Oral care,Style & Fashion > Personal Care > Oral care
Shaving,Style & Fashion > Personal Care > Shaving
Street Style,Style & Fashion > Street Style
Women's Fashion,Style & Fashion > Women's Fashion
Women's Accessories,Style & Fashion > Women's Fashion > Women's Accessories
Women's Glasses,Style & Fashion > Women's Fashion > Women's Accessories > Women's Glasses
Women's Handbags and Wallets,Style & Fashion > Women's Fashion > Women's Accessories > Women's Handbags and Wallets
Women's Hats and Scarves,Style & Fashion > Women's Fashion > Women's Accessories > Women's Hats and Scarves
Women's Jewelry and Watches,Style & Fashion > Women's Fashion > Women's Accessories > Women's Jewelry and Watches
Women's Clothing,Style & Fashion > Women's Fashion > Women's Clothing
Women's Business Wear,Style & Fashion > Women's Fashion > Women's Clothing > Women's Business Wear
Women's Casual Wear,Style & Fashion > Women's Fashion > Women's Clothing > Women's Casual Wear
Women's Formal Wear,Style & Fashion > Women's Fashion > Women's Clothing > Women's Formal Wear
Women's Intimates and Sleepwear,Style & Fashion > Women's Fashion > Women's Clothing > Women's Intimates and Sleepwear
Women's Outerwear,Style & Fashion > Women's Fashion > Women's Clothing > Women's Outerwear
Women's Sportswear,Style & Fashion > Women's Fashion > Women's Clothing > Women's Sportswear
Women's Shoes and Footwear,Style & Fashion > Women's Fashion > Women's Shoes and Footwear
Technology & Computing,Technology & Computing
Artificial Intelligence,Technology & Computing > Artificial Intelligence
Augmented Reality,Technology & Computing > Augmented Reality
Computing,Technology & Computing > Computing
Computer Networking,Technology & Computing > Computing > Computer Networking
Computer Peripherals,Technology & Computing > Computing > Computer Peripherals
Computer Software and Applications,Technology & Computing > Computing > Computer Software and Applications
3-D Graphics,Technology & Computing > Computing > Computer Software and Applications > 3-D Graphics
Antivirus Software,Technology & Computing > Computing > Computer Software and Applications > Antivirus Software
Browsers,Technology & Computing > Computing > Computer Software and Applications > Browsers
Computer Animation,Technology & Computing > Computing > Computer Software and Applications > Computer Animation
Databases,Technology & Computing > Computing > Computer Software and Applications > Databases
Desktop Publishing,Technology & Computing > Computing > Computer Software and Applications > Desktop Publishing
Digital Audio,Technology & Computing > Computing > Computer Software and Applications > Digital Audio
Maps & Navigation,Technology & Computing > Computing > Computer Software and Applications > Maps & Navigation
Graphics Software,Technology & Computing > Computing > Computer Software and Applications > Graphics Software
Operating Systems,Technology & Computing > Computing > Computer Software and Applications > Operating Systems
Photo Editing Software,Technology & Computing > Computing > Computer Software and Applications > Photo Editing Software
Shareware and Freeware,Technology & Computing > Computing > Computer Software and Applications > Shareware and Freeware
Video Software,Technology & Computing > Computing > Computer Software and Applications > Video Software
Web Conferencing,Technology & Computing > Computing > Computer Software and Applications > Web Conferencing
Data Storage and Warehousing,Technology & Computing > Computing > Data Storage and Warehousing
Desktops,Technology & Computing > Computing > Desktops
Information and Network Security,Technology & Computing > Computing > Information and Network Security
Internet,Technology & Computing > Computing > Internet
Cloud Computing,Technology & Computing > Computing > Internet > Cloud Computing
Email,Technology & Computing > Computing > Internet > Email
Internet for Beginners,Technology & Computing > Computing > Internet > Internet for Beginners
Internet of Things,Technology & Computing > Computing > Internet > Internet of Things
IT and Internet Support,Technology & Computing > Computing > Internet > IT and Internet Support
Search,Technology & Computing > Computing > Internet > Search
Social Networking,Technology & Computing > Computing > Internet > Social Networking
Web Design and HTML,Technology & Computing > Computing > Internet > Web Design and HTML
Web Development,Technology & Computing > Computing > Internet > Web Development
Web Hosting,Technology & Computing > Computing > Internet > Web Hosting
Laptops,Technology & Computing > Computing > Laptops
Programming Languages,Technology & Computing > Computing > Programming Languages
Consumer Electronics,Technology & Computing > Consumer Electronics
Cameras and Camcorders,Technology & Computing > Consumer Electronics > Cameras and Camcorders
Home Entertainment Systems,Technology & Computing > Consumer Electronics > Home Entertainment Systems
Smartphones,Technology & Computing > Consumer Electronics > Smartphones
Tablets and E-readers,Technology & Computing > Consumer Electronics > Tablets and E-readers
Wearable Technology,Technology & Computing > Consumer Electronics > Wearable Technology
Robotics,Technology & Computing > Robotics
Virtual Reality,Technology & Computing > Virtual Reality
Travel,Travel
Travel Accessories,Travel > Travel Accessories
Travel Locations,Travel > Travel Locations
Africa Travel,Travel > Travel Locations > Africa Travel
Asia Travel,Travel > Travel Locations > Asia Travel
Australia and Oceania Travel,Travel > Travel Locations > Australia and Oceania Travel
Europe Travel,Travel > Travel Locations > Europe Travel
North America Travel,Travel > Travel Locations > North America Travel
Polar Travel,Travel > Travel Locations > Polar Travel
South America Travel,Travel > Travel Locations > South America Travel
Travel Preparation and Advice,Travel > Travel Preparation and Advice
Travel Type,Travel > Travel Type
Adventure Travel,Travel > Travel Type > Adventure Travel
Air Travel,Travel > Travel Type > Air Travel
Beach Travel,Travel > Travel Type > Beach Travel
Bed & Breakfasts,Travel > Travel Type > Bed & Breakfasts
Budget Travel,Travel > Travel Type > Budget Travel
Business Travel,Travel > Travel Type > Business Travel
Camping,Travel > Travel Type > Camping
Cruises,Travel > Travel Type > Cruises
Day Trips,Travel > Travel Type > Day Trips
Family Travel,Travel > Travel Type > Family Travel
Honeymoons and Getaways,Travel > Travel Type > Honeymoons and Getaways
Hotels and Motels,Travel > Travel Type > Hotels and Motels
Rail Travel,Travel > Travel Type > Rail Travel
Road Trips,Travel > Travel Type > Road Trips
Spas,Travel > Travel Type > Spas
Video Gaming,Video Gaming
Console Games,Video Gaming > Console Games
eSports,Video Gaming > eSports
Mobile Games,Video Gaming > Mobile Games
PC Games,Video Gaming > PC Games
Video Game Genres,Video Gaming > Video Game Genres
Action Video Games,Video Gaming > Video Game Genres > Action Video Games
Action-Adventure Video Games,Video Gaming > Video Game Genres > Action-Adventure Video Games
Adult Video Games,Video Gaming > Video Game Genres > Adult Video Games
Adventure Video Games,Video Gaming > Video Game Genres > Adventure Video Games
Casino and Gambling Video Games,Video Gaming > Video Game Genres > Casino and Gambling Video Games
Casual Games,Video Gaming > Video Game Genres > Casual Games
Educational Video Games,Video Gaming > Video Game Genres > Educational Video Games
Exercise and Fitness Video Games,Video Gaming > Video Game Genres > Exercise and Fitness Video Games
Family Video Games,Video Gaming > Video Game Genres > Family Video Games
Horror Video Games,Video Gaming > Video Game Genres > Horror Video Games
MMOs,Video Gaming > Video Game Genres > MMOs
Music and Party Video Games,Video Gaming > Video Game Genres > Music and Party Video Games
Puzzle Video Games,Video Gaming > Video Game Genres > Puzzle Video Games
Racing Video Games,Video Gaming > Video Game Genres > Racing Video Games
Role-Playing Video Games,Video Gaming > Video Game Genres > Role-Playing Video Games
Simulation Video Games,Video Gaming > Video Game Genres > Simulation Video Games
Sports Video Games,Video Gaming > Video Game Genres > Sports Video Games
Strategy Video Games,Video Gaming > Video Game Genres > Strategy Video Games
War and Conflicts,War and Conflicts
